{
  "mse": 194794596611006.22,
  "rmse": 13956883.484897558,
  "mae": 6913965.307834662,
  "r2": 0.6067453552786952
}